SET search_path TO base32;
SELECT '55'::base32uint2;
SELECT '-55'::base32uint2;
SELECT ''::base32uint2;
SELECT 'x'::base32uint2;
SELECT '55 x'::base32uint2;
SELECT '1ZZZ'::base32uint2;
SELECT '2000'::base32uint2;

CREATE TABLE test_base32uint2 (a base32uint2);
INSERT INTO test_base32uint2 VALUES (1), (2), (3), (4), (5);
SELECT a FROM test_base32uint2;
SELECT a FROM test_base32uint2 ORDER BY a;
DROP TABLE test_base32uint2;

SET search_path TO base32;
SELECT '55'::base32uint4;
SELECT '-55'::base32uint4;
SELECT ''::base32uint4;
SELECT 'x'::base32uint4;
SELECT '55 x'::base32uint4;
SELECT '3ZZZZZZ'::base32uint4;
SELECT '4000000'::base32uint4;

CREATE TABLE test_base32uint4 (a base32uint4);
INSERT INTO test_base32uint4 VALUES (1), (2), (3), (4), (5);
SELECT a FROM test_base32uint4;
SELECT a FROM test_base32uint4 ORDER BY a;
DROP TABLE test_base32uint4;

SET search_path TO base32;
SELECT '55'::base32uint8;
SELECT '-55'::base32uint8;
SELECT ''::base32uint8;
SELECT 'x'::base32uint8;
SELECT '55 x'::base32uint8;
SELECT '7ZZZZZZZZZZZZ'::base32uint8;
SELECT '8000000000000'::base32uint8;

CREATE TABLE test_base32uint8 (a base32uint8);
INSERT INTO test_base32uint8 VALUES (1), (2), (3), (4), (5);
SELECT a FROM test_base32uint8;
SELECT a FROM test_base32uint8 ORDER BY a;
DROP TABLE test_base32uint8;

SELECT '2'::base32uint2 < 5;
SELECT 2 < '5'::base32uint2;
SELECT '5'::base32uint2 < 2;
SELECT 5 < '2'::base32uint2;
SELECT '2'::base32uint2 <= 5;
SELECT 2 <= '5'::base32uint2;
SELECT '5'::base32uint2 <= 2;
SELECT 5 <= '2'::base32uint2;
SELECT '2'::base32uint2 = 5;
SELECT 2 = '5'::base32uint2;
SELECT '5'::base32uint2 = 2;
SELECT 5 = '2'::base32uint2;
SELECT '2'::base32uint2 <> 5;
SELECT 2 <> '5'::base32uint2;
SELECT '5'::base32uint2 <> 2;
SELECT 5 <> '2'::base32uint2;
SELECT '2'::base32uint2 >= 5;
SELECT 2 >= '5'::base32uint2;
SELECT '5'::base32uint2 >= 2;
SELECT 5 >= '2'::base32uint2;
SELECT '2'::base32uint2 > 5;
SELECT 2 > '5'::base32uint2;
SELECT '5'::base32uint2 > 2;
SELECT 5 > '2'::base32uint2;
SELECT '2'::base32uint2 + 5;
SELECT 2 + '5'::base32uint2;
SELECT '5'::base32uint2 + 2;
SELECT 5 + '2'::base32uint2;
SELECT '2'::base32uint2 - 5;
SELECT 2 - '5'::base32uint2;
SELECT '5'::base32uint2 - 2;
SELECT 5 - '2'::base32uint2;
SELECT '1'::base32uint2 < '1'::base32uint2;
SELECT '5'::base32uint2 < '2'::base32uint2;
SELECT '3'::base32uint2 < '4'::base32uint2;
SELECT '1'::base32uint2 <= '1'::base32uint2;
SELECT '5'::base32uint2 <= '2'::base32uint2;
SELECT '3'::base32uint2 <= '4'::base32uint2;
SELECT '1'::base32uint2 = '1'::base32uint2;
SELECT '5'::base32uint2 = '2'::base32uint2;
SELECT '3'::base32uint2 = '4'::base32uint2;
SELECT '1'::base32uint2 <> '1'::base32uint2;
SELECT '5'::base32uint2 <> '2'::base32uint2;
SELECT '3'::base32uint2 <> '4'::base32uint2;
SELECT '1'::base32uint2 >= '1'::base32uint2;
SELECT '5'::base32uint2 >= '2'::base32uint2;
SELECT '3'::base32uint2 >= '4'::base32uint2;
SELECT '1'::base32uint2 > '1'::base32uint2;
SELECT '5'::base32uint2 > '2'::base32uint2;
SELECT '3'::base32uint2 > '4'::base32uint2;

SELECT btbase32uint2base32uint2cmp('1'::base32uint2, '1'::base32uint2);
SELECT btbase32uint2base32uint2cmp('5'::base32uint2, '2'::base32uint2);
SELECT btbase32uint2base32uint2cmp('3'::base32uint2, '4'::base32uint2);
SELECT pg_typeof('1'::base32uint2 + '1'::base32uint2);
SELECT '1'::base32uint2 + '1'::base32uint2;
SELECT '3'::base32uint2 + '4'::base32uint2;
SELECT '5'::base32uint2 + '2'::base32uint2;
SELECT '1ZZZ'::base32uint2 + '1ZZZ'::base32uint2;
SELECT pg_typeof('1'::base32uint2 - '1'::base32uint2);
SELECT '1'::base32uint2 - '1'::base32uint2;
SELECT '3'::base32uint2 - '4'::base32uint2;
SELECT '5'::base32uint2 - '2'::base32uint2;

SELECT '1'::base32uint2 < '1'::base32uint4;
SELECT '5'::base32uint2 < '2'::base32uint4;
SELECT '3'::base32uint2 < '4'::base32uint4;
SELECT '1'::base32uint2 <= '1'::base32uint4;
SELECT '5'::base32uint2 <= '2'::base32uint4;
SELECT '3'::base32uint2 <= '4'::base32uint4;
SELECT '1'::base32uint2 = '1'::base32uint4;
SELECT '5'::base32uint2 = '2'::base32uint4;
SELECT '3'::base32uint2 = '4'::base32uint4;
SELECT '1'::base32uint2 <> '1'::base32uint4;
SELECT '5'::base32uint2 <> '2'::base32uint4;
SELECT '3'::base32uint2 <> '4'::base32uint4;
SELECT '1'::base32uint2 >= '1'::base32uint4;
SELECT '5'::base32uint2 >= '2'::base32uint4;
SELECT '3'::base32uint2 >= '4'::base32uint4;
SELECT '1'::base32uint2 > '1'::base32uint4;
SELECT '5'::base32uint2 > '2'::base32uint4;
SELECT '3'::base32uint2 > '4'::base32uint4;

SELECT btbase32uint2base32uint4cmp('1'::base32uint2, '1'::base32uint4);
SELECT btbase32uint2base32uint4cmp('5'::base32uint2, '2'::base32uint4);
SELECT btbase32uint2base32uint4cmp('3'::base32uint2, '4'::base32uint4);
SELECT pg_typeof('1'::base32uint2 + '1'::base32uint4);
SELECT '1'::base32uint2 + '1'::base32uint4;
SELECT '3'::base32uint2 + '4'::base32uint4;
SELECT '5'::base32uint2 + '2'::base32uint4;
SELECT '1ZZZ'::base32uint2 + '3ZZZZZZ'::base32uint4;
SELECT pg_typeof('1'::base32uint2 - '1'::base32uint4);
SELECT '1'::base32uint2 - '1'::base32uint4;
SELECT '3'::base32uint2 - '4'::base32uint4;
SELECT '5'::base32uint2 - '2'::base32uint4;

SELECT CAST('5'::base32uint2 AS base32uint4);

SELECT '1'::base32uint2 < '1'::base32uint8;
SELECT '5'::base32uint2 < '2'::base32uint8;
SELECT '3'::base32uint2 < '4'::base32uint8;
SELECT '1'::base32uint2 <= '1'::base32uint8;
SELECT '5'::base32uint2 <= '2'::base32uint8;
SELECT '3'::base32uint2 <= '4'::base32uint8;
SELECT '1'::base32uint2 = '1'::base32uint8;
SELECT '5'::base32uint2 = '2'::base32uint8;
SELECT '3'::base32uint2 = '4'::base32uint8;
SELECT '1'::base32uint2 <> '1'::base32uint8;
SELECT '5'::base32uint2 <> '2'::base32uint8;
SELECT '3'::base32uint2 <> '4'::base32uint8;
SELECT '1'::base32uint2 >= '1'::base32uint8;
SELECT '5'::base32uint2 >= '2'::base32uint8;
SELECT '3'::base32uint2 >= '4'::base32uint8;
SELECT '1'::base32uint2 > '1'::base32uint8;
SELECT '5'::base32uint2 > '2'::base32uint8;
SELECT '3'::base32uint2 > '4'::base32uint8;

SELECT btbase32uint2base32uint8cmp('1'::base32uint2, '1'::base32uint8);
SELECT btbase32uint2base32uint8cmp('5'::base32uint2, '2'::base32uint8);
SELECT btbase32uint2base32uint8cmp('3'::base32uint2, '4'::base32uint8);
SELECT pg_typeof('1'::base32uint2 + '1'::base32uint8);
SELECT '1'::base32uint2 + '1'::base32uint8;
SELECT '3'::base32uint2 + '4'::base32uint8;
SELECT '5'::base32uint2 + '2'::base32uint8;
SELECT '1ZZZ'::base32uint2 + '7ZZZZZZZZZZZZ'::base32uint8;
SELECT pg_typeof('1'::base32uint2 - '1'::base32uint8);
SELECT '1'::base32uint2 - '1'::base32uint8;
SELECT '3'::base32uint2 - '4'::base32uint8;
SELECT '5'::base32uint2 - '2'::base32uint8;

SELECT CAST('5'::base32uint2 AS base32uint8);

SELECT '1'::base32uint2 < '1'::int2;
SELECT '5'::base32uint2 < '2'::int2;
SELECT '3'::base32uint2 < '4'::int2;
SELECT '1'::base32uint2 <= '1'::int2;
SELECT '5'::base32uint2 <= '2'::int2;
SELECT '3'::base32uint2 <= '4'::int2;
SELECT '1'::base32uint2 = '1'::int2;
SELECT '5'::base32uint2 = '2'::int2;
SELECT '3'::base32uint2 = '4'::int2;
SELECT '1'::base32uint2 <> '1'::int2;
SELECT '5'::base32uint2 <> '2'::int2;
SELECT '3'::base32uint2 <> '4'::int2;
SELECT '1'::base32uint2 >= '1'::int2;
SELECT '5'::base32uint2 >= '2'::int2;
SELECT '3'::base32uint2 >= '4'::int2;
SELECT '1'::base32uint2 > '1'::int2;
SELECT '5'::base32uint2 > '2'::int2;
SELECT '3'::base32uint2 > '4'::int2;

SELECT btbase32uint2int2cmp('1'::base32uint2, '1'::int2);
SELECT btbase32uint2int2cmp('5'::base32uint2, '2'::int2);
SELECT btbase32uint2int2cmp('3'::base32uint2, '4'::int2);
SELECT pg_typeof('1'::base32uint2 + '1'::int2);
SELECT '1'::base32uint2 + '1'::int2;
SELECT '3'::base32uint2 + '4'::int2;
SELECT '5'::base32uint2 + '2'::int2;
SELECT '3'::base32uint2 + '-4'::int2;
SELECT '5'::base32uint2 + '-2'::int2;
SELECT '1ZZZ'::base32uint2 + '32767'::int2;
SELECT pg_typeof('1'::base32uint2 - '1'::int2);
SELECT '1'::base32uint2 - '1'::int2;
SELECT '3'::base32uint2 - '4'::int2;
SELECT '5'::base32uint2 - '2'::int2;
SELECT '3'::base32uint2 - '-4'::int2;
SELECT '5'::base32uint2 - '-2'::int2;

SELECT CAST('5'::base32uint2 AS int2);
SELECT CAST('40000'::base32uint2 AS int2);

SELECT '1'::base32uint2 < '1'::int4;
SELECT '5'::base32uint2 < '2'::int4;
SELECT '3'::base32uint2 < '4'::int4;
SELECT '1'::base32uint2 <= '1'::int4;
SELECT '5'::base32uint2 <= '2'::int4;
SELECT '3'::base32uint2 <= '4'::int4;
SELECT '1'::base32uint2 = '1'::int4;
SELECT '5'::base32uint2 = '2'::int4;
SELECT '3'::base32uint2 = '4'::int4;
SELECT '1'::base32uint2 <> '1'::int4;
SELECT '5'::base32uint2 <> '2'::int4;
SELECT '3'::base32uint2 <> '4'::int4;
SELECT '1'::base32uint2 >= '1'::int4;
SELECT '5'::base32uint2 >= '2'::int4;
SELECT '3'::base32uint2 >= '4'::int4;
SELECT '1'::base32uint2 > '1'::int4;
SELECT '5'::base32uint2 > '2'::int4;
SELECT '3'::base32uint2 > '4'::int4;

SELECT btbase32uint2int4cmp('1'::base32uint2, '1'::int4);
SELECT btbase32uint2int4cmp('5'::base32uint2, '2'::int4);
SELECT btbase32uint2int4cmp('3'::base32uint2, '4'::int4);
SELECT pg_typeof('1'::base32uint2 + '1'::int4);
SELECT '1'::base32uint2 + '1'::int4;
SELECT '3'::base32uint2 + '4'::int4;
SELECT '5'::base32uint2 + '2'::int4;
SELECT '3'::base32uint2 + '-4'::int4;
SELECT '5'::base32uint2 + '-2'::int4;
SELECT '1ZZZ'::base32uint2 + '2147483647'::int4;
SELECT pg_typeof('1'::base32uint2 - '1'::int4);
SELECT '1'::base32uint2 - '1'::int4;
SELECT '3'::base32uint2 - '4'::int4;
SELECT '5'::base32uint2 - '2'::int4;
SELECT '3'::base32uint2 - '-4'::int4;
SELECT '5'::base32uint2 - '-2'::int4;

SELECT CAST('5'::base32uint2 AS int4);

SELECT '1'::base32uint2 < '1'::int8;
SELECT '5'::base32uint2 < '2'::int8;
SELECT '3'::base32uint2 < '4'::int8;
SELECT '1'::base32uint2 <= '1'::int8;
SELECT '5'::base32uint2 <= '2'::int8;
SELECT '3'::base32uint2 <= '4'::int8;
SELECT '1'::base32uint2 = '1'::int8;
SELECT '5'::base32uint2 = '2'::int8;
SELECT '3'::base32uint2 = '4'::int8;
SELECT '1'::base32uint2 <> '1'::int8;
SELECT '5'::base32uint2 <> '2'::int8;
SELECT '3'::base32uint2 <> '4'::int8;
SELECT '1'::base32uint2 >= '1'::int8;
SELECT '5'::base32uint2 >= '2'::int8;
SELECT '3'::base32uint2 >= '4'::int8;
SELECT '1'::base32uint2 > '1'::int8;
SELECT '5'::base32uint2 > '2'::int8;
SELECT '3'::base32uint2 > '4'::int8;

SELECT btbase32uint2int8cmp('1'::base32uint2, '1'::int8);
SELECT btbase32uint2int8cmp('5'::base32uint2, '2'::int8);
SELECT btbase32uint2int8cmp('3'::base32uint2, '4'::int8);
SELECT pg_typeof('1'::base32uint2 + '1'::int8);
SELECT '1'::base32uint2 + '1'::int8;
SELECT '3'::base32uint2 + '4'::int8;
SELECT '5'::base32uint2 + '2'::int8;
SELECT '3'::base32uint2 + '-4'::int8;
SELECT '5'::base32uint2 + '-2'::int8;
SELECT '1ZZZ'::base32uint2 + '9223372036854775807'::int8;
SELECT pg_typeof('1'::base32uint2 - '1'::int8);
SELECT '1'::base32uint2 - '1'::int8;
SELECT '3'::base32uint2 - '4'::int8;
SELECT '5'::base32uint2 - '2'::int8;
SELECT '3'::base32uint2 - '-4'::int8;
SELECT '5'::base32uint2 - '-2'::int8;

SELECT CAST('5'::base32uint2 AS int8);

SELECT '2'::base32uint4 < 5;
SELECT 2 < '5'::base32uint4;
SELECT '5'::base32uint4 < 2;
SELECT 5 < '2'::base32uint4;
SELECT '2'::base32uint4 <= 5;
SELECT 2 <= '5'::base32uint4;
SELECT '5'::base32uint4 <= 2;
SELECT 5 <= '2'::base32uint4;
SELECT '2'::base32uint4 = 5;
SELECT 2 = '5'::base32uint4;
SELECT '5'::base32uint4 = 2;
SELECT 5 = '2'::base32uint4;
SELECT '2'::base32uint4 <> 5;
SELECT 2 <> '5'::base32uint4;
SELECT '5'::base32uint4 <> 2;
SELECT 5 <> '2'::base32uint4;
SELECT '2'::base32uint4 >= 5;
SELECT 2 >= '5'::base32uint4;
SELECT '5'::base32uint4 >= 2;
SELECT 5 >= '2'::base32uint4;
SELECT '2'::base32uint4 > 5;
SELECT 2 > '5'::base32uint4;
SELECT '5'::base32uint4 > 2;
SELECT 5 > '2'::base32uint4;
SELECT '2'::base32uint4 + 5;
SELECT 2 + '5'::base32uint4;
SELECT '5'::base32uint4 + 2;
SELECT 5 + '2'::base32uint4;
SELECT '2'::base32uint4 - 5;
SELECT 2 - '5'::base32uint4;
SELECT '5'::base32uint4 - 2;
SELECT 5 - '2'::base32uint4;
SELECT '1'::base32uint4 < '1'::base32uint2;
SELECT '5'::base32uint4 < '2'::base32uint2;
SELECT '3'::base32uint4 < '4'::base32uint2;
SELECT '1'::base32uint4 <= '1'::base32uint2;
SELECT '5'::base32uint4 <= '2'::base32uint2;
SELECT '3'::base32uint4 <= '4'::base32uint2;
SELECT '1'::base32uint4 = '1'::base32uint2;
SELECT '5'::base32uint4 = '2'::base32uint2;
SELECT '3'::base32uint4 = '4'::base32uint2;
SELECT '1'::base32uint4 <> '1'::base32uint2;
SELECT '5'::base32uint4 <> '2'::base32uint2;
SELECT '3'::base32uint4 <> '4'::base32uint2;
SELECT '1'::base32uint4 >= '1'::base32uint2;
SELECT '5'::base32uint4 >= '2'::base32uint2;
SELECT '3'::base32uint4 >= '4'::base32uint2;
SELECT '1'::base32uint4 > '1'::base32uint2;
SELECT '5'::base32uint4 > '2'::base32uint2;
SELECT '3'::base32uint4 > '4'::base32uint2;

SELECT btbase32uint4base32uint2cmp('1'::base32uint4, '1'::base32uint2);
SELECT btbase32uint4base32uint2cmp('5'::base32uint4, '2'::base32uint2);
SELECT btbase32uint4base32uint2cmp('3'::base32uint4, '4'::base32uint2);
SELECT pg_typeof('1'::base32uint4 + '1'::base32uint2);
SELECT '1'::base32uint4 + '1'::base32uint2;
SELECT '3'::base32uint4 + '4'::base32uint2;
SELECT '5'::base32uint4 + '2'::base32uint2;
SELECT '3ZZZZZZ'::base32uint4 + '1ZZZ'::base32uint2;
SELECT pg_typeof('1'::base32uint4 - '1'::base32uint2);
SELECT '1'::base32uint4 - '1'::base32uint2;
SELECT '3'::base32uint4 - '4'::base32uint2;
SELECT '5'::base32uint4 - '2'::base32uint2;

SELECT CAST('5'::base32uint4 AS base32uint2);
SELECT CAST('2000'::base32uint4 AS base32uint2);

SELECT '1'::base32uint4 < '1'::base32uint4;
SELECT '5'::base32uint4 < '2'::base32uint4;
SELECT '3'::base32uint4 < '4'::base32uint4;
SELECT '1'::base32uint4 <= '1'::base32uint4;
SELECT '5'::base32uint4 <= '2'::base32uint4;
SELECT '3'::base32uint4 <= '4'::base32uint4;
SELECT '1'::base32uint4 = '1'::base32uint4;
SELECT '5'::base32uint4 = '2'::base32uint4;
SELECT '3'::base32uint4 = '4'::base32uint4;
SELECT '1'::base32uint4 <> '1'::base32uint4;
SELECT '5'::base32uint4 <> '2'::base32uint4;
SELECT '3'::base32uint4 <> '4'::base32uint4;
SELECT '1'::base32uint4 >= '1'::base32uint4;
SELECT '5'::base32uint4 >= '2'::base32uint4;
SELECT '3'::base32uint4 >= '4'::base32uint4;
SELECT '1'::base32uint4 > '1'::base32uint4;
SELECT '5'::base32uint4 > '2'::base32uint4;
SELECT '3'::base32uint4 > '4'::base32uint4;

SELECT btbase32uint4base32uint4cmp('1'::base32uint4, '1'::base32uint4);
SELECT btbase32uint4base32uint4cmp('5'::base32uint4, '2'::base32uint4);
SELECT btbase32uint4base32uint4cmp('3'::base32uint4, '4'::base32uint4);
SELECT pg_typeof('1'::base32uint4 + '1'::base32uint4);
SELECT '1'::base32uint4 + '1'::base32uint4;
SELECT '3'::base32uint4 + '4'::base32uint4;
SELECT '5'::base32uint4 + '2'::base32uint4;
SELECT '3ZZZZZZ'::base32uint4 + '3ZZZZZZ'::base32uint4;
SELECT pg_typeof('1'::base32uint4 - '1'::base32uint4);
SELECT '1'::base32uint4 - '1'::base32uint4;
SELECT '3'::base32uint4 - '4'::base32uint4;
SELECT '5'::base32uint4 - '2'::base32uint4;

SELECT '1'::base32uint4 < '1'::base32uint8;
SELECT '5'::base32uint4 < '2'::base32uint8;
SELECT '3'::base32uint4 < '4'::base32uint8;
SELECT '1'::base32uint4 <= '1'::base32uint8;
SELECT '5'::base32uint4 <= '2'::base32uint8;
SELECT '3'::base32uint4 <= '4'::base32uint8;
SELECT '1'::base32uint4 = '1'::base32uint8;
SELECT '5'::base32uint4 = '2'::base32uint8;
SELECT '3'::base32uint4 = '4'::base32uint8;
SELECT '1'::base32uint4 <> '1'::base32uint8;
SELECT '5'::base32uint4 <> '2'::base32uint8;
SELECT '3'::base32uint4 <> '4'::base32uint8;
SELECT '1'::base32uint4 >= '1'::base32uint8;
SELECT '5'::base32uint4 >= '2'::base32uint8;
SELECT '3'::base32uint4 >= '4'::base32uint8;
SELECT '1'::base32uint4 > '1'::base32uint8;
SELECT '5'::base32uint4 > '2'::base32uint8;
SELECT '3'::base32uint4 > '4'::base32uint8;

SELECT btbase32uint4base32uint8cmp('1'::base32uint4, '1'::base32uint8);
SELECT btbase32uint4base32uint8cmp('5'::base32uint4, '2'::base32uint8);
SELECT btbase32uint4base32uint8cmp('3'::base32uint4, '4'::base32uint8);
SELECT pg_typeof('1'::base32uint4 + '1'::base32uint8);
SELECT '1'::base32uint4 + '1'::base32uint8;
SELECT '3'::base32uint4 + '4'::base32uint8;
SELECT '5'::base32uint4 + '2'::base32uint8;
SELECT '3ZZZZZZ'::base32uint4 + '7ZZZZZZZZZZZZ'::base32uint8;
SELECT pg_typeof('1'::base32uint4 - '1'::base32uint8);
SELECT '1'::base32uint4 - '1'::base32uint8;
SELECT '3'::base32uint4 - '4'::base32uint8;
SELECT '5'::base32uint4 - '2'::base32uint8;

SELECT CAST('5'::base32uint4 AS base32uint8);

SELECT '1'::base32uint4 < '1'::int2;
SELECT '5'::base32uint4 < '2'::int2;
SELECT '3'::base32uint4 < '4'::int2;
SELECT '1'::base32uint4 <= '1'::int2;
SELECT '5'::base32uint4 <= '2'::int2;
SELECT '3'::base32uint4 <= '4'::int2;
SELECT '1'::base32uint4 = '1'::int2;
SELECT '5'::base32uint4 = '2'::int2;
SELECT '3'::base32uint4 = '4'::int2;
SELECT '1'::base32uint4 <> '1'::int2;
SELECT '5'::base32uint4 <> '2'::int2;
SELECT '3'::base32uint4 <> '4'::int2;
SELECT '1'::base32uint4 >= '1'::int2;
SELECT '5'::base32uint4 >= '2'::int2;
SELECT '3'::base32uint4 >= '4'::int2;
SELECT '1'::base32uint4 > '1'::int2;
SELECT '5'::base32uint4 > '2'::int2;
SELECT '3'::base32uint4 > '4'::int2;

SELECT btbase32uint4int2cmp('1'::base32uint4, '1'::int2);
SELECT btbase32uint4int2cmp('5'::base32uint4, '2'::int2);
SELECT btbase32uint4int2cmp('3'::base32uint4, '4'::int2);
SELECT pg_typeof('1'::base32uint4 + '1'::int2);
SELECT '1'::base32uint4 + '1'::int2;
SELECT '3'::base32uint4 + '4'::int2;
SELECT '5'::base32uint4 + '2'::int2;
SELECT '3'::base32uint4 + '-4'::int2;
SELECT '5'::base32uint4 + '-2'::int2;
SELECT '3ZZZZZZ'::base32uint4 + '32767'::int2;
SELECT pg_typeof('1'::base32uint4 - '1'::int2);
SELECT '1'::base32uint4 - '1'::int2;
SELECT '3'::base32uint4 - '4'::int2;
SELECT '5'::base32uint4 - '2'::int2;
SELECT '3'::base32uint4 - '-4'::int2;
SELECT '5'::base32uint4 - '-2'::int2;

SELECT CAST('5'::base32uint4 AS int2);
SELECT CAST('40000'::base32uint4 AS int2);

SELECT '1'::base32uint4 < '1'::int4;
SELECT '5'::base32uint4 < '2'::int4;
SELECT '3'::base32uint4 < '4'::int4;
SELECT '1'::base32uint4 <= '1'::int4;
SELECT '5'::base32uint4 <= '2'::int4;
SELECT '3'::base32uint4 <= '4'::int4;
SELECT '1'::base32uint4 = '1'::int4;
SELECT '5'::base32uint4 = '2'::int4;
SELECT '3'::base32uint4 = '4'::int4;
SELECT '1'::base32uint4 <> '1'::int4;
SELECT '5'::base32uint4 <> '2'::int4;
SELECT '3'::base32uint4 <> '4'::int4;
SELECT '1'::base32uint4 >= '1'::int4;
SELECT '5'::base32uint4 >= '2'::int4;
SELECT '3'::base32uint4 >= '4'::int4;
SELECT '1'::base32uint4 > '1'::int4;
SELECT '5'::base32uint4 > '2'::int4;
SELECT '3'::base32uint4 > '4'::int4;

SELECT btbase32uint4int4cmp('1'::base32uint4, '1'::int4);
SELECT btbase32uint4int4cmp('5'::base32uint4, '2'::int4);
SELECT btbase32uint4int4cmp('3'::base32uint4, '4'::int4);
SELECT pg_typeof('1'::base32uint4 + '1'::int4);
SELECT '1'::base32uint4 + '1'::int4;
SELECT '3'::base32uint4 + '4'::int4;
SELECT '5'::base32uint4 + '2'::int4;
SELECT '3'::base32uint4 + '-4'::int4;
SELECT '5'::base32uint4 + '-2'::int4;
SELECT '3ZZZZZZ'::base32uint4 + '2147483647'::int4;
SELECT pg_typeof('1'::base32uint4 - '1'::int4);
SELECT '1'::base32uint4 - '1'::int4;
SELECT '3'::base32uint4 - '4'::int4;
SELECT '5'::base32uint4 - '2'::int4;
SELECT '3'::base32uint4 - '-4'::int4;
SELECT '5'::base32uint4 - '-2'::int4;

SELECT CAST('5'::base32uint4 AS int4);
SELECT CAST('3000000000'::base32uint4 AS int4);

SELECT '1'::base32uint4 < '1'::int8;
SELECT '5'::base32uint4 < '2'::int8;
SELECT '3'::base32uint4 < '4'::int8;
SELECT '1'::base32uint4 <= '1'::int8;
SELECT '5'::base32uint4 <= '2'::int8;
SELECT '3'::base32uint4 <= '4'::int8;
SELECT '1'::base32uint4 = '1'::int8;
SELECT '5'::base32uint4 = '2'::int8;
SELECT '3'::base32uint4 = '4'::int8;
SELECT '1'::base32uint4 <> '1'::int8;
SELECT '5'::base32uint4 <> '2'::int8;
SELECT '3'::base32uint4 <> '4'::int8;
SELECT '1'::base32uint4 >= '1'::int8;
SELECT '5'::base32uint4 >= '2'::int8;
SELECT '3'::base32uint4 >= '4'::int8;
SELECT '1'::base32uint4 > '1'::int8;
SELECT '5'::base32uint4 > '2'::int8;
SELECT '3'::base32uint4 > '4'::int8;

SELECT btbase32uint4int8cmp('1'::base32uint4, '1'::int8);
SELECT btbase32uint4int8cmp('5'::base32uint4, '2'::int8);
SELECT btbase32uint4int8cmp('3'::base32uint4, '4'::int8);
SELECT pg_typeof('1'::base32uint4 + '1'::int8);
SELECT '1'::base32uint4 + '1'::int8;
SELECT '3'::base32uint4 + '4'::int8;
SELECT '5'::base32uint4 + '2'::int8;
SELECT '3'::base32uint4 + '-4'::int8;
SELECT '5'::base32uint4 + '-2'::int8;
SELECT '3ZZZZZZ'::base32uint4 + '9223372036854775807'::int8;
SELECT pg_typeof('1'::base32uint4 - '1'::int8);
SELECT '1'::base32uint4 - '1'::int8;
SELECT '3'::base32uint4 - '4'::int8;
SELECT '5'::base32uint4 - '2'::int8;
SELECT '3'::base32uint4 - '-4'::int8;
SELECT '5'::base32uint4 - '-2'::int8;

SELECT CAST('5'::base32uint4 AS int8);

SELECT '2'::base32uint8 < 5;
SELECT 2 < '5'::base32uint8;
SELECT '5'::base32uint8 < 2;
SELECT 5 < '2'::base32uint8;
SELECT '2'::base32uint8 <= 5;
SELECT 2 <= '5'::base32uint8;
SELECT '5'::base32uint8 <= 2;
SELECT 5 <= '2'::base32uint8;
SELECT '2'::base32uint8 = 5;
SELECT 2 = '5'::base32uint8;
SELECT '5'::base32uint8 = 2;
SELECT 5 = '2'::base32uint8;
SELECT '2'::base32uint8 <> 5;
SELECT 2 <> '5'::base32uint8;
SELECT '5'::base32uint8 <> 2;
SELECT 5 <> '2'::base32uint8;
SELECT '2'::base32uint8 >= 5;
SELECT 2 >= '5'::base32uint8;
SELECT '5'::base32uint8 >= 2;
SELECT 5 >= '2'::base32uint8;
SELECT '2'::base32uint8 > 5;
SELECT 2 > '5'::base32uint8;
SELECT '5'::base32uint8 > 2;
SELECT 5 > '2'::base32uint8;
SELECT '2'::base32uint8 + 5;
SELECT 2 + '5'::base32uint8;
SELECT '5'::base32uint8 + 2;
SELECT 5 + '2'::base32uint8;
SELECT '2'::base32uint8 - 5;
SELECT 2 - '5'::base32uint8;
SELECT '5'::base32uint8 - 2;
SELECT 5 - '2'::base32uint8;
SELECT '1'::base32uint8 < '1'::base32uint2;
SELECT '5'::base32uint8 < '2'::base32uint2;
SELECT '3'::base32uint8 < '4'::base32uint2;
SELECT '1'::base32uint8 <= '1'::base32uint2;
SELECT '5'::base32uint8 <= '2'::base32uint2;
SELECT '3'::base32uint8 <= '4'::base32uint2;
SELECT '1'::base32uint8 = '1'::base32uint2;
SELECT '5'::base32uint8 = '2'::base32uint2;
SELECT '3'::base32uint8 = '4'::base32uint2;
SELECT '1'::base32uint8 <> '1'::base32uint2;
SELECT '5'::base32uint8 <> '2'::base32uint2;
SELECT '3'::base32uint8 <> '4'::base32uint2;
SELECT '1'::base32uint8 >= '1'::base32uint2;
SELECT '5'::base32uint8 >= '2'::base32uint2;
SELECT '3'::base32uint8 >= '4'::base32uint2;
SELECT '1'::base32uint8 > '1'::base32uint2;
SELECT '5'::base32uint8 > '2'::base32uint2;
SELECT '3'::base32uint8 > '4'::base32uint2;

SELECT btbase32uint8base32uint2cmp('1'::base32uint8, '1'::base32uint2);
SELECT btbase32uint8base32uint2cmp('5'::base32uint8, '2'::base32uint2);
SELECT btbase32uint8base32uint2cmp('3'::base32uint8, '4'::base32uint2);
SELECT pg_typeof('1'::base32uint8 + '1'::base32uint2);
SELECT '1'::base32uint8 + '1'::base32uint2;
SELECT '3'::base32uint8 + '4'::base32uint2;
SELECT '5'::base32uint8 + '2'::base32uint2;
SELECT '7ZZZZZZZZZZZZ'::base32uint8 + '1ZZZ'::base32uint2;
SELECT pg_typeof('1'::base32uint8 - '1'::base32uint2);
SELECT '1'::base32uint8 - '1'::base32uint2;
SELECT '3'::base32uint8 - '4'::base32uint2;
SELECT '5'::base32uint8 - '2'::base32uint2;

SELECT CAST('5'::base32uint8 AS base32uint2);
SELECT CAST('2000'::base32uint8 AS base32uint2);

SELECT '1'::base32uint8 < '1'::base32uint4;
SELECT '5'::base32uint8 < '2'::base32uint4;
SELECT '3'::base32uint8 < '4'::base32uint4;
SELECT '1'::base32uint8 <= '1'::base32uint4;
SELECT '5'::base32uint8 <= '2'::base32uint4;
SELECT '3'::base32uint8 <= '4'::base32uint4;
SELECT '1'::base32uint8 = '1'::base32uint4;
SELECT '5'::base32uint8 = '2'::base32uint4;
SELECT '3'::base32uint8 = '4'::base32uint4;
SELECT '1'::base32uint8 <> '1'::base32uint4;
SELECT '5'::base32uint8 <> '2'::base32uint4;
SELECT '3'::base32uint8 <> '4'::base32uint4;
SELECT '1'::base32uint8 >= '1'::base32uint4;
SELECT '5'::base32uint8 >= '2'::base32uint4;
SELECT '3'::base32uint8 >= '4'::base32uint4;
SELECT '1'::base32uint8 > '1'::base32uint4;
SELECT '5'::base32uint8 > '2'::base32uint4;
SELECT '3'::base32uint8 > '4'::base32uint4;

SELECT btbase32uint8base32uint4cmp('1'::base32uint8, '1'::base32uint4);
SELECT btbase32uint8base32uint4cmp('5'::base32uint8, '2'::base32uint4);
SELECT btbase32uint8base32uint4cmp('3'::base32uint8, '4'::base32uint4);
SELECT pg_typeof('1'::base32uint8 + '1'::base32uint4);
SELECT '1'::base32uint8 + '1'::base32uint4;
SELECT '3'::base32uint8 + '4'::base32uint4;
SELECT '5'::base32uint8 + '2'::base32uint4;
SELECT '7ZZZZZZZZZZZZ'::base32uint8 + '3ZZZZZZ'::base32uint4;
SELECT pg_typeof('1'::base32uint8 - '1'::base32uint4);
SELECT '1'::base32uint8 - '1'::base32uint4;
SELECT '3'::base32uint8 - '4'::base32uint4;
SELECT '5'::base32uint8 - '2'::base32uint4;

SELECT CAST('5'::base32uint8 AS base32uint4);
SELECT CAST('4000000'::base32uint8 AS base32uint4);

SELECT '1'::base32uint8 < '1'::base32uint8;
SELECT '5'::base32uint8 < '2'::base32uint8;
SELECT '3'::base32uint8 < '4'::base32uint8;
SELECT '1'::base32uint8 <= '1'::base32uint8;
SELECT '5'::base32uint8 <= '2'::base32uint8;
SELECT '3'::base32uint8 <= '4'::base32uint8;
SELECT '1'::base32uint8 = '1'::base32uint8;
SELECT '5'::base32uint8 = '2'::base32uint8;
SELECT '3'::base32uint8 = '4'::base32uint8;
SELECT '1'::base32uint8 <> '1'::base32uint8;
SELECT '5'::base32uint8 <> '2'::base32uint8;
SELECT '3'::base32uint8 <> '4'::base32uint8;
SELECT '1'::base32uint8 >= '1'::base32uint8;
SELECT '5'::base32uint8 >= '2'::base32uint8;
SELECT '3'::base32uint8 >= '4'::base32uint8;
SELECT '1'::base32uint8 > '1'::base32uint8;
SELECT '5'::base32uint8 > '2'::base32uint8;
SELECT '3'::base32uint8 > '4'::base32uint8;

SELECT btbase32uint8base32uint8cmp('1'::base32uint8, '1'::base32uint8);
SELECT btbase32uint8base32uint8cmp('5'::base32uint8, '2'::base32uint8);
SELECT btbase32uint8base32uint8cmp('3'::base32uint8, '4'::base32uint8);
SELECT pg_typeof('1'::base32uint8 + '1'::base32uint8);
SELECT '1'::base32uint8 + '1'::base32uint8;
SELECT '3'::base32uint8 + '4'::base32uint8;
SELECT '5'::base32uint8 + '2'::base32uint8;
SELECT '7ZZZZZZZZZZZZ'::base32uint8 + '7ZZZZZZZZZZZZ'::base32uint8;
SELECT pg_typeof('1'::base32uint8 - '1'::base32uint8);
SELECT '1'::base32uint8 - '1'::base32uint8;
SELECT '3'::base32uint8 - '4'::base32uint8;
SELECT '5'::base32uint8 - '2'::base32uint8;

SELECT '1'::base32uint8 < '1'::int2;
SELECT '5'::base32uint8 < '2'::int2;
SELECT '3'::base32uint8 < '4'::int2;
SELECT '1'::base32uint8 <= '1'::int2;
SELECT '5'::base32uint8 <= '2'::int2;
SELECT '3'::base32uint8 <= '4'::int2;
SELECT '1'::base32uint8 = '1'::int2;
SELECT '5'::base32uint8 = '2'::int2;
SELECT '3'::base32uint8 = '4'::int2;
SELECT '1'::base32uint8 <> '1'::int2;
SELECT '5'::base32uint8 <> '2'::int2;
SELECT '3'::base32uint8 <> '4'::int2;
SELECT '1'::base32uint8 >= '1'::int2;
SELECT '5'::base32uint8 >= '2'::int2;
SELECT '3'::base32uint8 >= '4'::int2;
SELECT '1'::base32uint8 > '1'::int2;
SELECT '5'::base32uint8 > '2'::int2;
SELECT '3'::base32uint8 > '4'::int2;

SELECT btbase32uint8int2cmp('1'::base32uint8, '1'::int2);
SELECT btbase32uint8int2cmp('5'::base32uint8, '2'::int2);
SELECT btbase32uint8int2cmp('3'::base32uint8, '4'::int2);
SELECT pg_typeof('1'::base32uint8 + '1'::int2);
SELECT '1'::base32uint8 + '1'::int2;
SELECT '3'::base32uint8 + '4'::int2;
SELECT '5'::base32uint8 + '2'::int2;
SELECT '3'::base32uint8 + '-4'::int2;
SELECT '5'::base32uint8 + '-2'::int2;
SELECT '7ZZZZZZZZZZZZ'::base32uint8 + '32767'::int2;
SELECT pg_typeof('1'::base32uint8 - '1'::int2);
SELECT '1'::base32uint8 - '1'::int2;
SELECT '3'::base32uint8 - '4'::int2;
SELECT '5'::base32uint8 - '2'::int2;
SELECT '3'::base32uint8 - '-4'::int2;
SELECT '5'::base32uint8 - '-2'::int2;

SELECT CAST('5'::base32uint8 AS int2);
SELECT CAST('40000'::base32uint8 AS int2);

SELECT '1'::base32uint8 < '1'::int4;
SELECT '5'::base32uint8 < '2'::int4;
SELECT '3'::base32uint8 < '4'::int4;
SELECT '1'::base32uint8 <= '1'::int4;
SELECT '5'::base32uint8 <= '2'::int4;
SELECT '3'::base32uint8 <= '4'::int4;
SELECT '1'::base32uint8 = '1'::int4;
SELECT '5'::base32uint8 = '2'::int4;
SELECT '3'::base32uint8 = '4'::int4;
SELECT '1'::base32uint8 <> '1'::int4;
SELECT '5'::base32uint8 <> '2'::int4;
SELECT '3'::base32uint8 <> '4'::int4;
SELECT '1'::base32uint8 >= '1'::int4;
SELECT '5'::base32uint8 >= '2'::int4;
SELECT '3'::base32uint8 >= '4'::int4;
SELECT '1'::base32uint8 > '1'::int4;
SELECT '5'::base32uint8 > '2'::int4;
SELECT '3'::base32uint8 > '4'::int4;

SELECT btbase32uint8int4cmp('1'::base32uint8, '1'::int4);
SELECT btbase32uint8int4cmp('5'::base32uint8, '2'::int4);
SELECT btbase32uint8int4cmp('3'::base32uint8, '4'::int4);
SELECT pg_typeof('1'::base32uint8 + '1'::int4);
SELECT '1'::base32uint8 + '1'::int4;
SELECT '3'::base32uint8 + '4'::int4;
SELECT '5'::base32uint8 + '2'::int4;
SELECT '3'::base32uint8 + '-4'::int4;
SELECT '5'::base32uint8 + '-2'::int4;
SELECT '7ZZZZZZZZZZZZ'::base32uint8 + '2147483647'::int4;
SELECT pg_typeof('1'::base32uint8 - '1'::int4);
SELECT '1'::base32uint8 - '1'::int4;
SELECT '3'::base32uint8 - '4'::int4;
SELECT '5'::base32uint8 - '2'::int4;
SELECT '3'::base32uint8 - '-4'::int4;
SELECT '5'::base32uint8 - '-2'::int4;

SELECT CAST('5'::base32uint8 AS int4);
SELECT CAST('3000000000'::base32uint8 AS int4);

SELECT '1'::base32uint8 < '1'::int8;
SELECT '5'::base32uint8 < '2'::int8;
SELECT '3'::base32uint8 < '4'::int8;
SELECT '1'::base32uint8 <= '1'::int8;
SELECT '5'::base32uint8 <= '2'::int8;
SELECT '3'::base32uint8 <= '4'::int8;
SELECT '1'::base32uint8 = '1'::int8;
SELECT '5'::base32uint8 = '2'::int8;
SELECT '3'::base32uint8 = '4'::int8;
SELECT '1'::base32uint8 <> '1'::int8;
SELECT '5'::base32uint8 <> '2'::int8;
SELECT '3'::base32uint8 <> '4'::int8;
SELECT '1'::base32uint8 >= '1'::int8;
SELECT '5'::base32uint8 >= '2'::int8;
SELECT '3'::base32uint8 >= '4'::int8;
SELECT '1'::base32uint8 > '1'::int8;
SELECT '5'::base32uint8 > '2'::int8;
SELECT '3'::base32uint8 > '4'::int8;

SELECT btbase32uint8int8cmp('1'::base32uint8, '1'::int8);
SELECT btbase32uint8int8cmp('5'::base32uint8, '2'::int8);
SELECT btbase32uint8int8cmp('3'::base32uint8, '4'::int8);
SELECT pg_typeof('1'::base32uint8 + '1'::int8);
SELECT '1'::base32uint8 + '1'::int8;
SELECT '3'::base32uint8 + '4'::int8;
SELECT '5'::base32uint8 + '2'::int8;
SELECT '3'::base32uint8 + '-4'::int8;
SELECT '5'::base32uint8 + '-2'::int8;
SELECT '7ZZZZZZZZZZZZ'::base32uint8 + '9223372036854775807'::int8;
SELECT pg_typeof('1'::base32uint8 - '1'::int8);
SELECT '1'::base32uint8 - '1'::int8;
SELECT '3'::base32uint8 - '4'::int8;
SELECT '5'::base32uint8 - '2'::int8;
SELECT '3'::base32uint8 - '-4'::int8;
SELECT '5'::base32uint8 - '-2'::int8;

SELECT CAST('5'::base32uint8 AS int8);
SELECT CAST('10000000000000000000'::base32uint8 AS int8);

SELECT '2'::int2 < 5;
SELECT 2 < '5'::int2;
SELECT '5'::int2 < 2;
SELECT 5 < '2'::int2;
SELECT '2'::int2 <= 5;
SELECT 2 <= '5'::int2;
SELECT '5'::int2 <= 2;
SELECT 5 <= '2'::int2;
SELECT '2'::int2 = 5;
SELECT 2 = '5'::int2;
SELECT '5'::int2 = 2;
SELECT 5 = '2'::int2;
SELECT '2'::int2 <> 5;
SELECT 2 <> '5'::int2;
SELECT '5'::int2 <> 2;
SELECT 5 <> '2'::int2;
SELECT '2'::int2 >= 5;
SELECT 2 >= '5'::int2;
SELECT '5'::int2 >= 2;
SELECT 5 >= '2'::int2;
SELECT '2'::int2 > 5;
SELECT 2 > '5'::int2;
SELECT '5'::int2 > 2;
SELECT 5 > '2'::int2;
SELECT '2'::int2 + 5;
SELECT 2 + '5'::int2;
SELECT '5'::int2 + 2;
SELECT 5 + '2'::int2;
SELECT '2'::int2 - 5;
SELECT 2 - '5'::int2;
SELECT '5'::int2 - 2;
SELECT 5 - '2'::int2;
SELECT '1'::int2 < '1'::base32uint2;
SELECT '5'::int2 < '2'::base32uint2;
SELECT '3'::int2 < '4'::base32uint2;
SELECT '1'::int2 <= '1'::base32uint2;
SELECT '5'::int2 <= '2'::base32uint2;
SELECT '3'::int2 <= '4'::base32uint2;
SELECT '1'::int2 = '1'::base32uint2;
SELECT '5'::int2 = '2'::base32uint2;
SELECT '3'::int2 = '4'::base32uint2;
SELECT '1'::int2 <> '1'::base32uint2;
SELECT '5'::int2 <> '2'::base32uint2;
SELECT '3'::int2 <> '4'::base32uint2;
SELECT '1'::int2 >= '1'::base32uint2;
SELECT '5'::int2 >= '2'::base32uint2;
SELECT '3'::int2 >= '4'::base32uint2;
SELECT '1'::int2 > '1'::base32uint2;
SELECT '5'::int2 > '2'::base32uint2;
SELECT '3'::int2 > '4'::base32uint2;

SELECT btint2base32uint2cmp('1'::int2, '1'::base32uint2);
SELECT btint2base32uint2cmp('5'::int2, '2'::base32uint2);
SELECT btint2base32uint2cmp('3'::int2, '4'::base32uint2);
SELECT pg_typeof('1'::int2 + '1'::base32uint2);
SELECT '1'::int2 + '1'::base32uint2;
SELECT '3'::int2 + '4'::base32uint2;
SELECT '5'::int2 + '2'::base32uint2;
SELECT '-3'::int2 + '4'::base32uint2;
SELECT '-5'::int2 + '2'::base32uint2;
SELECT '32767'::int2 + '1ZZZ'::base32uint2;
SELECT pg_typeof('1'::int2 - '1'::base32uint2);
SELECT '1'::int2 - '1'::base32uint2;
SELECT '3'::int2 - '4'::base32uint2;
SELECT '5'::int2 - '2'::base32uint2;
SELECT '-3'::int2 - '4'::base32uint2;
SELECT '-5'::int2 - '2'::base32uint2;

SELECT CAST('5'::int2 AS base32uint2);
SELECT CAST('-5'::int2 AS base32uint2);

SELECT '1'::int2 < '1'::base32uint4;
SELECT '5'::int2 < '2'::base32uint4;
SELECT '3'::int2 < '4'::base32uint4;
SELECT '1'::int2 <= '1'::base32uint4;
SELECT '5'::int2 <= '2'::base32uint4;
SELECT '3'::int2 <= '4'::base32uint4;
SELECT '1'::int2 = '1'::base32uint4;
SELECT '5'::int2 = '2'::base32uint4;
SELECT '3'::int2 = '4'::base32uint4;
SELECT '1'::int2 <> '1'::base32uint4;
SELECT '5'::int2 <> '2'::base32uint4;
SELECT '3'::int2 <> '4'::base32uint4;
SELECT '1'::int2 >= '1'::base32uint4;
SELECT '5'::int2 >= '2'::base32uint4;
SELECT '3'::int2 >= '4'::base32uint4;
SELECT '1'::int2 > '1'::base32uint4;
SELECT '5'::int2 > '2'::base32uint4;
SELECT '3'::int2 > '4'::base32uint4;

SELECT btint2base32uint4cmp('1'::int2, '1'::base32uint4);
SELECT btint2base32uint4cmp('5'::int2, '2'::base32uint4);
SELECT btint2base32uint4cmp('3'::int2, '4'::base32uint4);
SELECT pg_typeof('1'::int2 + '1'::base32uint4);
SELECT '1'::int2 + '1'::base32uint4;
SELECT '3'::int2 + '4'::base32uint4;
SELECT '5'::int2 + '2'::base32uint4;
SELECT '-3'::int2 + '4'::base32uint4;
SELECT '-5'::int2 + '2'::base32uint4;
SELECT '32767'::int2 + '3ZZZZZZ'::base32uint4;
SELECT pg_typeof('1'::int2 - '1'::base32uint4);
SELECT '1'::int2 - '1'::base32uint4;
SELECT '3'::int2 - '4'::base32uint4;
SELECT '5'::int2 - '2'::base32uint4;
SELECT '-3'::int2 - '4'::base32uint4;
SELECT '-5'::int2 - '2'::base32uint4;

SELECT CAST('5'::int2 AS base32uint4);
SELECT CAST('-5'::int2 AS base32uint4);

SELECT '1'::int2 < '1'::base32uint8;
SELECT '5'::int2 < '2'::base32uint8;
SELECT '3'::int2 < '4'::base32uint8;
SELECT '1'::int2 <= '1'::base32uint8;
SELECT '5'::int2 <= '2'::base32uint8;
SELECT '3'::int2 <= '4'::base32uint8;
SELECT '1'::int2 = '1'::base32uint8;
SELECT '5'::int2 = '2'::base32uint8;
SELECT '3'::int2 = '4'::base32uint8;
SELECT '1'::int2 <> '1'::base32uint8;
SELECT '5'::int2 <> '2'::base32uint8;
SELECT '3'::int2 <> '4'::base32uint8;
SELECT '1'::int2 >= '1'::base32uint8;
SELECT '5'::int2 >= '2'::base32uint8;
SELECT '3'::int2 >= '4'::base32uint8;
SELECT '1'::int2 > '1'::base32uint8;
SELECT '5'::int2 > '2'::base32uint8;
SELECT '3'::int2 > '4'::base32uint8;

SELECT btint2base32uint8cmp('1'::int2, '1'::base32uint8);
SELECT btint2base32uint8cmp('5'::int2, '2'::base32uint8);
SELECT btint2base32uint8cmp('3'::int2, '4'::base32uint8);
SELECT pg_typeof('1'::int2 + '1'::base32uint8);
SELECT '1'::int2 + '1'::base32uint8;
SELECT '3'::int2 + '4'::base32uint8;
SELECT '5'::int2 + '2'::base32uint8;
SELECT '-3'::int2 + '4'::base32uint8;
SELECT '-5'::int2 + '2'::base32uint8;
SELECT '32767'::int2 + '7ZZZZZZZZZZZZ'::base32uint8;
SELECT pg_typeof('1'::int2 - '1'::base32uint8);
SELECT '1'::int2 - '1'::base32uint8;
SELECT '3'::int2 - '4'::base32uint8;
SELECT '5'::int2 - '2'::base32uint8;
SELECT '-3'::int2 - '4'::base32uint8;
SELECT '-5'::int2 - '2'::base32uint8;

SELECT CAST('5'::int2 AS base32uint8);
SELECT CAST('-5'::int2 AS base32uint8);

SELECT '2'::int4 < 5;
SELECT 2 < '5'::int4;
SELECT '5'::int4 < 2;
SELECT 5 < '2'::int4;
SELECT '2'::int4 <= 5;
SELECT 2 <= '5'::int4;
SELECT '5'::int4 <= 2;
SELECT 5 <= '2'::int4;
SELECT '2'::int4 = 5;
SELECT 2 = '5'::int4;
SELECT '5'::int4 = 2;
SELECT 5 = '2'::int4;
SELECT '2'::int4 <> 5;
SELECT 2 <> '5'::int4;
SELECT '5'::int4 <> 2;
SELECT 5 <> '2'::int4;
SELECT '2'::int4 >= 5;
SELECT 2 >= '5'::int4;
SELECT '5'::int4 >= 2;
SELECT 5 >= '2'::int4;
SELECT '2'::int4 > 5;
SELECT 2 > '5'::int4;
SELECT '5'::int4 > 2;
SELECT 5 > '2'::int4;
SELECT '2'::int4 + 5;
SELECT 2 + '5'::int4;
SELECT '5'::int4 + 2;
SELECT 5 + '2'::int4;
SELECT '2'::int4 - 5;
SELECT 2 - '5'::int4;
SELECT '5'::int4 - 2;
SELECT 5 - '2'::int4;
SELECT '1'::int4 < '1'::base32uint2;
SELECT '5'::int4 < '2'::base32uint2;
SELECT '3'::int4 < '4'::base32uint2;
SELECT '1'::int4 <= '1'::base32uint2;
SELECT '5'::int4 <= '2'::base32uint2;
SELECT '3'::int4 <= '4'::base32uint2;
SELECT '1'::int4 = '1'::base32uint2;
SELECT '5'::int4 = '2'::base32uint2;
SELECT '3'::int4 = '4'::base32uint2;
SELECT '1'::int4 <> '1'::base32uint2;
SELECT '5'::int4 <> '2'::base32uint2;
SELECT '3'::int4 <> '4'::base32uint2;
SELECT '1'::int4 >= '1'::base32uint2;
SELECT '5'::int4 >= '2'::base32uint2;
SELECT '3'::int4 >= '4'::base32uint2;
SELECT '1'::int4 > '1'::base32uint2;
SELECT '5'::int4 > '2'::base32uint2;
SELECT '3'::int4 > '4'::base32uint2;

SELECT btint4base32uint2cmp('1'::int4, '1'::base32uint2);
SELECT btint4base32uint2cmp('5'::int4, '2'::base32uint2);
SELECT btint4base32uint2cmp('3'::int4, '4'::base32uint2);
SELECT pg_typeof('1'::int4 + '1'::base32uint2);
SELECT '1'::int4 + '1'::base32uint2;
SELECT '3'::int4 + '4'::base32uint2;
SELECT '5'::int4 + '2'::base32uint2;
SELECT '-3'::int4 + '4'::base32uint2;
SELECT '-5'::int4 + '2'::base32uint2;
SELECT '2147483647'::int4 + '1ZZZ'::base32uint2;
SELECT pg_typeof('1'::int4 - '1'::base32uint2);
SELECT '1'::int4 - '1'::base32uint2;
SELECT '3'::int4 - '4'::base32uint2;
SELECT '5'::int4 - '2'::base32uint2;
SELECT '-3'::int4 - '4'::base32uint2;
SELECT '-5'::int4 - '2'::base32uint2;

SELECT CAST('5'::int4 AS base32uint2);
SELECT CAST('2000'::int4 AS base32uint2);
SELECT CAST('-5'::int4 AS base32uint2);

SELECT '1'::int4 < '1'::base32uint4;
SELECT '5'::int4 < '2'::base32uint4;
SELECT '3'::int4 < '4'::base32uint4;
SELECT '1'::int4 <= '1'::base32uint4;
SELECT '5'::int4 <= '2'::base32uint4;
SELECT '3'::int4 <= '4'::base32uint4;
SELECT '1'::int4 = '1'::base32uint4;
SELECT '5'::int4 = '2'::base32uint4;
SELECT '3'::int4 = '4'::base32uint4;
SELECT '1'::int4 <> '1'::base32uint4;
SELECT '5'::int4 <> '2'::base32uint4;
SELECT '3'::int4 <> '4'::base32uint4;
SELECT '1'::int4 >= '1'::base32uint4;
SELECT '5'::int4 >= '2'::base32uint4;
SELECT '3'::int4 >= '4'::base32uint4;
SELECT '1'::int4 > '1'::base32uint4;
SELECT '5'::int4 > '2'::base32uint4;
SELECT '3'::int4 > '4'::base32uint4;

SELECT btint4base32uint4cmp('1'::int4, '1'::base32uint4);
SELECT btint4base32uint4cmp('5'::int4, '2'::base32uint4);
SELECT btint4base32uint4cmp('3'::int4, '4'::base32uint4);
SELECT pg_typeof('1'::int4 + '1'::base32uint4);
SELECT '1'::int4 + '1'::base32uint4;
SELECT '3'::int4 + '4'::base32uint4;
SELECT '5'::int4 + '2'::base32uint4;
SELECT '-3'::int4 + '4'::base32uint4;
SELECT '-5'::int4 + '2'::base32uint4;
SELECT '2147483647'::int4 + '3ZZZZZZ'::base32uint4;
SELECT pg_typeof('1'::int4 - '1'::base32uint4);
SELECT '1'::int4 - '1'::base32uint4;
SELECT '3'::int4 - '4'::base32uint4;
SELECT '5'::int4 - '2'::base32uint4;
SELECT '-3'::int4 - '4'::base32uint4;
SELECT '-5'::int4 - '2'::base32uint4;

SELECT CAST('5'::int4 AS base32uint4);
SELECT CAST('-5'::int4 AS base32uint4);

SELECT '1'::int4 < '1'::base32uint8;
SELECT '5'::int4 < '2'::base32uint8;
SELECT '3'::int4 < '4'::base32uint8;
SELECT '1'::int4 <= '1'::base32uint8;
SELECT '5'::int4 <= '2'::base32uint8;
SELECT '3'::int4 <= '4'::base32uint8;
SELECT '1'::int4 = '1'::base32uint8;
SELECT '5'::int4 = '2'::base32uint8;
SELECT '3'::int4 = '4'::base32uint8;
SELECT '1'::int4 <> '1'::base32uint8;
SELECT '5'::int4 <> '2'::base32uint8;
SELECT '3'::int4 <> '4'::base32uint8;
SELECT '1'::int4 >= '1'::base32uint8;
SELECT '5'::int4 >= '2'::base32uint8;
SELECT '3'::int4 >= '4'::base32uint8;
SELECT '1'::int4 > '1'::base32uint8;
SELECT '5'::int4 > '2'::base32uint8;
SELECT '3'::int4 > '4'::base32uint8;

SELECT btint4base32uint8cmp('1'::int4, '1'::base32uint8);
SELECT btint4base32uint8cmp('5'::int4, '2'::base32uint8);
SELECT btint4base32uint8cmp('3'::int4, '4'::base32uint8);
SELECT pg_typeof('1'::int4 + '1'::base32uint8);
SELECT '1'::int4 + '1'::base32uint8;
SELECT '3'::int4 + '4'::base32uint8;
SELECT '5'::int4 + '2'::base32uint8;
SELECT '-3'::int4 + '4'::base32uint8;
SELECT '-5'::int4 + '2'::base32uint8;
SELECT '2147483647'::int4 + '7ZZZZZZZZZZZZ'::base32uint8;
SELECT pg_typeof('1'::int4 - '1'::base32uint8);
SELECT '1'::int4 - '1'::base32uint8;
SELECT '3'::int4 - '4'::base32uint8;
SELECT '5'::int4 - '2'::base32uint8;
SELECT '-3'::int4 - '4'::base32uint8;
SELECT '-5'::int4 - '2'::base32uint8;

SELECT CAST('5'::int4 AS base32uint8);
SELECT CAST('-5'::int4 AS base32uint8);

SELECT '2'::int8 < 5;
SELECT 2 < '5'::int8;
SELECT '5'::int8 < 2;
SELECT 5 < '2'::int8;
SELECT '2'::int8 <= 5;
SELECT 2 <= '5'::int8;
SELECT '5'::int8 <= 2;
SELECT 5 <= '2'::int8;
SELECT '2'::int8 = 5;
SELECT 2 = '5'::int8;
SELECT '5'::int8 = 2;
SELECT 5 = '2'::int8;
SELECT '2'::int8 <> 5;
SELECT 2 <> '5'::int8;
SELECT '5'::int8 <> 2;
SELECT 5 <> '2'::int8;
SELECT '2'::int8 >= 5;
SELECT 2 >= '5'::int8;
SELECT '5'::int8 >= 2;
SELECT 5 >= '2'::int8;
SELECT '2'::int8 > 5;
SELECT 2 > '5'::int8;
SELECT '5'::int8 > 2;
SELECT 5 > '2'::int8;
SELECT '2'::int8 + 5;
SELECT 2 + '5'::int8;
SELECT '5'::int8 + 2;
SELECT 5 + '2'::int8;
SELECT '2'::int8 - 5;
SELECT 2 - '5'::int8;
SELECT '5'::int8 - 2;
SELECT 5 - '2'::int8;
SELECT '1'::int8 < '1'::base32uint2;
SELECT '5'::int8 < '2'::base32uint2;
SELECT '3'::int8 < '4'::base32uint2;
SELECT '1'::int8 <= '1'::base32uint2;
SELECT '5'::int8 <= '2'::base32uint2;
SELECT '3'::int8 <= '4'::base32uint2;
SELECT '1'::int8 = '1'::base32uint2;
SELECT '5'::int8 = '2'::base32uint2;
SELECT '3'::int8 = '4'::base32uint2;
SELECT '1'::int8 <> '1'::base32uint2;
SELECT '5'::int8 <> '2'::base32uint2;
SELECT '3'::int8 <> '4'::base32uint2;
SELECT '1'::int8 >= '1'::base32uint2;
SELECT '5'::int8 >= '2'::base32uint2;
SELECT '3'::int8 >= '4'::base32uint2;
SELECT '1'::int8 > '1'::base32uint2;
SELECT '5'::int8 > '2'::base32uint2;
SELECT '3'::int8 > '4'::base32uint2;

SELECT btint8base32uint2cmp('1'::int8, '1'::base32uint2);
SELECT btint8base32uint2cmp('5'::int8, '2'::base32uint2);
SELECT btint8base32uint2cmp('3'::int8, '4'::base32uint2);
SELECT pg_typeof('1'::int8 + '1'::base32uint2);
SELECT '1'::int8 + '1'::base32uint2;
SELECT '3'::int8 + '4'::base32uint2;
SELECT '5'::int8 + '2'::base32uint2;
SELECT '-3'::int8 + '4'::base32uint2;
SELECT '-5'::int8 + '2'::base32uint2;
SELECT '9223372036854775807'::int8 + '1ZZZ'::base32uint2;
SELECT pg_typeof('1'::int8 - '1'::base32uint2);
SELECT '1'::int8 - '1'::base32uint2;
SELECT '3'::int8 - '4'::base32uint2;
SELECT '5'::int8 - '2'::base32uint2;
SELECT '-3'::int8 - '4'::base32uint2;
SELECT '-5'::int8 - '2'::base32uint2;

SELECT CAST('5'::int8 AS base32uint2);
SELECT CAST('2000'::int8 AS base32uint2);
SELECT CAST('-5'::int8 AS base32uint2);

SELECT '1'::int8 < '1'::base32uint4;
SELECT '5'::int8 < '2'::base32uint4;
SELECT '3'::int8 < '4'::base32uint4;
SELECT '1'::int8 <= '1'::base32uint4;
SELECT '5'::int8 <= '2'::base32uint4;
SELECT '3'::int8 <= '4'::base32uint4;
SELECT '1'::int8 = '1'::base32uint4;
SELECT '5'::int8 = '2'::base32uint4;
SELECT '3'::int8 = '4'::base32uint4;
SELECT '1'::int8 <> '1'::base32uint4;
SELECT '5'::int8 <> '2'::base32uint4;
SELECT '3'::int8 <> '4'::base32uint4;
SELECT '1'::int8 >= '1'::base32uint4;
SELECT '5'::int8 >= '2'::base32uint4;
SELECT '3'::int8 >= '4'::base32uint4;
SELECT '1'::int8 > '1'::base32uint4;
SELECT '5'::int8 > '2'::base32uint4;
SELECT '3'::int8 > '4'::base32uint4;

SELECT btint8base32uint4cmp('1'::int8, '1'::base32uint4);
SELECT btint8base32uint4cmp('5'::int8, '2'::base32uint4);
SELECT btint8base32uint4cmp('3'::int8, '4'::base32uint4);
SELECT pg_typeof('1'::int8 + '1'::base32uint4);
SELECT '1'::int8 + '1'::base32uint4;
SELECT '3'::int8 + '4'::base32uint4;
SELECT '5'::int8 + '2'::base32uint4;
SELECT '-3'::int8 + '4'::base32uint4;
SELECT '-5'::int8 + '2'::base32uint4;
SELECT '9223372036854775807'::int8 + '3ZZZZZZ'::base32uint4;
SELECT pg_typeof('1'::int8 - '1'::base32uint4);
SELECT '1'::int8 - '1'::base32uint4;
SELECT '3'::int8 - '4'::base32uint4;
SELECT '5'::int8 - '2'::base32uint4;
SELECT '-3'::int8 - '4'::base32uint4;
SELECT '-5'::int8 - '2'::base32uint4;

SELECT CAST('5'::int8 AS base32uint4);
SELECT CAST('4000000'::int8 AS base32uint4);
SELECT CAST('-5'::int8 AS base32uint4);

SELECT '1'::int8 < '1'::base32uint8;
SELECT '5'::int8 < '2'::base32uint8;
SELECT '3'::int8 < '4'::base32uint8;
SELECT '1'::int8 <= '1'::base32uint8;
SELECT '5'::int8 <= '2'::base32uint8;
SELECT '3'::int8 <= '4'::base32uint8;
SELECT '1'::int8 = '1'::base32uint8;
SELECT '5'::int8 = '2'::base32uint8;
SELECT '3'::int8 = '4'::base32uint8;
SELECT '1'::int8 <> '1'::base32uint8;
SELECT '5'::int8 <> '2'::base32uint8;
SELECT '3'::int8 <> '4'::base32uint8;
SELECT '1'::int8 >= '1'::base32uint8;
SELECT '5'::int8 >= '2'::base32uint8;
SELECT '3'::int8 >= '4'::base32uint8;
SELECT '1'::int8 > '1'::base32uint8;
SELECT '5'::int8 > '2'::base32uint8;
SELECT '3'::int8 > '4'::base32uint8;

SELECT btint8base32uint8cmp('1'::int8, '1'::base32uint8);
SELECT btint8base32uint8cmp('5'::int8, '2'::base32uint8);
SELECT btint8base32uint8cmp('3'::int8, '4'::base32uint8);
SELECT pg_typeof('1'::int8 + '1'::base32uint8);
SELECT '1'::int8 + '1'::base32uint8;
SELECT '3'::int8 + '4'::base32uint8;
SELECT '5'::int8 + '2'::base32uint8;
SELECT '-3'::int8 + '4'::base32uint8;
SELECT '-5'::int8 + '2'::base32uint8;
SELECT '9223372036854775807'::int8 + '7ZZZZZZZZZZZZ'::base32uint8;
SELECT pg_typeof('1'::int8 - '1'::base32uint8);
SELECT '1'::int8 - '1'::base32uint8;
SELECT '3'::int8 - '4'::base32uint8;
SELECT '5'::int8 - '2'::base32uint8;
SELECT '-3'::int8 - '4'::base32uint8;
SELECT '-5'::int8 - '2'::base32uint8;

SELECT CAST('5'::int8 AS base32uint8);
SELECT CAST('-5'::int8 AS base32uint8);

SELECT '1'::base32uint2 & '1'::base32uint2;
SELECT '5'::base32uint2 & '2'::base32uint2;
SELECT '5'::base32uint2 & '4'::base32uint2;
SELECT '1'::base32uint2 | '1'::base32uint2;
SELECT '5'::base32uint2 | '2'::base32uint2;
SELECT '5'::base32uint2 | '4'::base32uint2;
SELECT '1'::base32uint2 # '1'::base32uint2;
SELECT '5'::base32uint2 # '2'::base32uint2;
SELECT '5'::base32uint2 # '4'::base32uint2;
SELECT ~ '6'::base32uint2;
SELECT '6'::base32uint2 << 1;
SELECT '6'::base32uint2 << 3;
SELECT '6'::base32uint2 >> 1;
SELECT '6'::base32uint2 >> 3;

SELECT base32uint2smaller('1'::base32uint2, '1'::base32uint2);
SELECT base32uint2smaller('5'::base32uint2, '2'::base32uint2);
SELECT base32uint2smaller('3'::base32uint2, '4'::base32uint2);
SELECT min(val::base32uint2) FROM (VALUES (3), (5), (1), (4)) AS _ (val);

SELECT base32uint2larger('1'::base32uint2, '1'::base32uint2);
SELECT base32uint2larger('5'::base32uint2, '2'::base32uint2);
SELECT base32uint2larger('3'::base32uint2, '4'::base32uint2);
SELECT max(val::base32uint2) FROM (VALUES (3), (5), (1), (4)) AS _ (val);

SELECT bit_and(val::base32uint2) FROM (VALUES (3), (6), (18)) AS _ (val);

SELECT bit_or(val::base32uint2) FROM (VALUES (9), (1), (4)) AS _ (val);

SELECT '1'::base32uint4 & '1'::base32uint4;
SELECT '5'::base32uint4 & '2'::base32uint4;
SELECT '5'::base32uint4 & '4'::base32uint4;
SELECT '1'::base32uint4 | '1'::base32uint4;
SELECT '5'::base32uint4 | '2'::base32uint4;
SELECT '5'::base32uint4 | '4'::base32uint4;
SELECT '1'::base32uint4 # '1'::base32uint4;
SELECT '5'::base32uint4 # '2'::base32uint4;
SELECT '5'::base32uint4 # '4'::base32uint4;
SELECT ~ '6'::base32uint4;
SELECT '6'::base32uint4 << 1;
SELECT '6'::base32uint4 << 3;
SELECT '6'::base32uint4 >> 1;
SELECT '6'::base32uint4 >> 3;

SELECT base32uint4smaller('1'::base32uint4, '1'::base32uint4);
SELECT base32uint4smaller('5'::base32uint4, '2'::base32uint4);
SELECT base32uint4smaller('3'::base32uint4, '4'::base32uint4);
SELECT min(val::base32uint4) FROM (VALUES (3), (5), (1), (4)) AS _ (val);

SELECT base32uint4larger('1'::base32uint4, '1'::base32uint4);
SELECT base32uint4larger('5'::base32uint4, '2'::base32uint4);
SELECT base32uint4larger('3'::base32uint4, '4'::base32uint4);
SELECT max(val::base32uint4) FROM (VALUES (3), (5), (1), (4)) AS _ (val);

SELECT bit_and(val::base32uint4) FROM (VALUES (3), (6), (18)) AS _ (val);

SELECT bit_or(val::base32uint4) FROM (VALUES (9), (1), (4)) AS _ (val);

SELECT '1'::base32uint8 & '1'::base32uint8;
SELECT '5'::base32uint8 & '2'::base32uint8;
SELECT '5'::base32uint8 & '4'::base32uint8;
SELECT '1'::base32uint8 | '1'::base32uint8;
SELECT '5'::base32uint8 | '2'::base32uint8;
SELECT '5'::base32uint8 | '4'::base32uint8;
SELECT '1'::base32uint8 # '1'::base32uint8;
SELECT '5'::base32uint8 # '2'::base32uint8;
SELECT '5'::base32uint8 # '4'::base32uint8;
SELECT ~ '6'::base32uint8;
SELECT '6'::base32uint8 << 1;
SELECT '6'::base32uint8 << 3;
SELECT '6'::base32uint8 >> 1;
SELECT '6'::base32uint8 >> 3;

SELECT base32uint8smaller('1'::base32uint8, '1'::base32uint8);
SELECT base32uint8smaller('5'::base32uint8, '2'::base32uint8);
SELECT base32uint8smaller('3'::base32uint8, '4'::base32uint8);
SELECT min(val::base32uint8) FROM (VALUES (3), (5), (1), (4)) AS _ (val);

SELECT base32uint8larger('1'::base32uint8, '1'::base32uint8);
SELECT base32uint8larger('5'::base32uint8, '2'::base32uint8);
SELECT base32uint8larger('3'::base32uint8, '4'::base32uint8);
SELECT max(val::base32uint8) FROM (VALUES (3), (5), (1), (4)) AS _ (val);

SELECT bit_and(val::base32uint8) FROM (VALUES (3), (6), (18)) AS _ (val);

SELECT bit_or(val::base32uint8) FROM (VALUES (9), (1), (4)) AS _ (val);


CREATE TABLE test_base32uint2 (x base32uint2);
CREATE UNIQUE INDEX test_base32uint2_x_key ON test_base32uint2 USING btree (x);
INSERT INTO test_base32uint2 VALUES (1), (2), (3), (4), (5), (null);

SET enable_seqscan = off;
SET enable_bitmapscan = off;

EXPLAIN (COSTS OFF) SELECT * FROM test_base32uint2 WHERE x = 3::base32uint2;
SELECT * FROM test_base32uint2 WHERE x = 3::base32uint2;

EXPLAIN (COSTS OFF) SELECT * FROM test_base32uint2 WHERE x = 3::base32uint4;
SELECT * FROM test_base32uint2 WHERE x = 3::base32uint4;

EXPLAIN (COSTS OFF) SELECT * FROM test_base32uint2 WHERE x = 3::base32uint8;
SELECT * FROM test_base32uint2 WHERE x = 3::base32uint8;

EXPLAIN (COSTS OFF) SELECT * FROM test_base32uint2 WHERE x = 3::int2;
SELECT * FROM test_base32uint2 WHERE x = 3::int2;

EXPLAIN (COSTS OFF) SELECT * FROM test_base32uint2 WHERE x = 3::int4;
SELECT * FROM test_base32uint2 WHERE x = 3::int4;

EXPLAIN (COSTS OFF) SELECT * FROM test_base32uint2 WHERE x = 3::int8;
SELECT * FROM test_base32uint2 WHERE x = 3::int8;

RESET enable_seqscan;
RESET enable_bitmapscan;

CREATE TABLE test_base32uint4 (x base32uint4);
CREATE UNIQUE INDEX test_base32uint4_x_key ON test_base32uint4 USING btree (x);
INSERT INTO test_base32uint4 VALUES (1), (2), (3), (4), (5), (null);

SET enable_seqscan = off;
SET enable_bitmapscan = off;

EXPLAIN (COSTS OFF) SELECT * FROM test_base32uint4 WHERE x = 3::base32uint2;
SELECT * FROM test_base32uint4 WHERE x = 3::base32uint2;

EXPLAIN (COSTS OFF) SELECT * FROM test_base32uint4 WHERE x = 3::base32uint4;
SELECT * FROM test_base32uint4 WHERE x = 3::base32uint4;

EXPLAIN (COSTS OFF) SELECT * FROM test_base32uint4 WHERE x = 3::base32uint8;
SELECT * FROM test_base32uint4 WHERE x = 3::base32uint8;

EXPLAIN (COSTS OFF) SELECT * FROM test_base32uint4 WHERE x = 3::int2;
SELECT * FROM test_base32uint4 WHERE x = 3::int2;

EXPLAIN (COSTS OFF) SELECT * FROM test_base32uint4 WHERE x = 3::int4;
SELECT * FROM test_base32uint4 WHERE x = 3::int4;

EXPLAIN (COSTS OFF) SELECT * FROM test_base32uint4 WHERE x = 3::int8;
SELECT * FROM test_base32uint4 WHERE x = 3::int8;

RESET enable_seqscan;
RESET enable_bitmapscan;

CREATE TABLE test_base32uint8 (x base32uint8);
CREATE UNIQUE INDEX test_base32uint8_x_key ON test_base32uint8 USING btree (x);
INSERT INTO test_base32uint8 VALUES (1), (2), (3), (4), (5), (null);

SET enable_seqscan = off;
SET enable_bitmapscan = off;

EXPLAIN (COSTS OFF) SELECT * FROM test_base32uint8 WHERE x = 3::base32uint2;
SELECT * FROM test_base32uint8 WHERE x = 3::base32uint2;

EXPLAIN (COSTS OFF) SELECT * FROM test_base32uint8 WHERE x = 3::base32uint4;
SELECT * FROM test_base32uint8 WHERE x = 3::base32uint4;

EXPLAIN (COSTS OFF) SELECT * FROM test_base32uint8 WHERE x = 3::base32uint8;
SELECT * FROM test_base32uint8 WHERE x = 3::base32uint8;

EXPLAIN (COSTS OFF) SELECT * FROM test_base32uint8 WHERE x = 3::int2;
SELECT * FROM test_base32uint8 WHERE x = 3::int2;

EXPLAIN (COSTS OFF) SELECT * FROM test_base32uint8 WHERE x = 3::int4;
SELECT * FROM test_base32uint8 WHERE x = 3::int4;

EXPLAIN (COSTS OFF) SELECT * FROM test_base32uint8 WHERE x = 3::int8;
SELECT * FROM test_base32uint8 WHERE x = 3::int8;

RESET enable_seqscan;
RESET enable_bitmapscan;

CREATE TABLE test_int2 (x int2);
CREATE UNIQUE INDEX test_int2_x_key ON test_int2 USING btree (x);
INSERT INTO test_int2 VALUES (1), (2), (3), (4), (5), (null);

SET enable_seqscan = off;
SET enable_bitmapscan = off;

EXPLAIN (COSTS OFF) SELECT * FROM test_int2 WHERE x = 3::base32uint2;
SELECT * FROM test_int2 WHERE x = 3::base32uint2;

EXPLAIN (COSTS OFF) SELECT * FROM test_int2 WHERE x = 3::base32uint4;
SELECT * FROM test_int2 WHERE x = 3::base32uint4;

EXPLAIN (COSTS OFF) SELECT * FROM test_int2 WHERE x = 3::base32uint8;
SELECT * FROM test_int2 WHERE x = 3::base32uint8;

RESET enable_seqscan;
RESET enable_bitmapscan;

CREATE TABLE test_int4 (x int4);
CREATE UNIQUE INDEX test_int4_x_key ON test_int4 USING btree (x);
INSERT INTO test_int4 VALUES (1), (2), (3), (4), (5), (null);

SET enable_seqscan = off;
SET enable_bitmapscan = off;

EXPLAIN (COSTS OFF) SELECT * FROM test_int4 WHERE x = 3::base32uint2;
SELECT * FROM test_int4 WHERE x = 3::base32uint2;

EXPLAIN (COSTS OFF) SELECT * FROM test_int4 WHERE x = 3::base32uint4;
SELECT * FROM test_int4 WHERE x = 3::base32uint4;

EXPLAIN (COSTS OFF) SELECT * FROM test_int4 WHERE x = 3::base32uint8;
SELECT * FROM test_int4 WHERE x = 3::base32uint8;

RESET enable_seqscan;
RESET enable_bitmapscan;

CREATE TABLE test_int8 (x int8);
CREATE UNIQUE INDEX test_int8_x_key ON test_int8 USING btree (x);
INSERT INTO test_int8 VALUES (1), (2), (3), (4), (5), (null);

SET enable_seqscan = off;
SET enable_bitmapscan = off;

EXPLAIN (COSTS OFF) SELECT * FROM test_int8 WHERE x = 3::base32uint2;
SELECT * FROM test_int8 WHERE x = 3::base32uint2;

EXPLAIN (COSTS OFF) SELECT * FROM test_int8 WHERE x = 3::base32uint4;
SELECT * FROM test_int8 WHERE x = 3::base32uint4;

EXPLAIN (COSTS OFF) SELECT * FROM test_int8 WHERE x = 3::base32uint8;
SELECT * FROM test_int8 WHERE x = 3::base32uint8;

RESET enable_seqscan;
RESET enable_bitmapscan;
